{
    "total_images": 60,
    "processing_times": [
        0.02962207794189453,
        0.02361011505126953,
        0.02307915687561035,
        0.023187875747680664,
        0.012363910675048828,
        0.02325296401977539,
        0.02265000343322754,
        0.02278590202331543,
        0.022919893264770508,
        0.023956775665283203,
        0.023739099502563477,
        0.023283958435058594,
        0.023110151290893555,
        0.0227048397064209,
        0.02269911766052246,
        0.023170948028564453,
        0.02268528938293457,
        0.022959232330322266,
        0.023398876190185547,
        0.022802114486694336,
        0.012303829193115234,
        0.03777289390563965,
        0.024023056030273438,
        0.02385711669921875,
        0.02298593521118164,
        0.0231170654296875,
        0.022512197494506836,
        0.012274980545043945,
        0.02272319793701172,
        0.02309703826904297,
        0.012315750122070312,
        0.02308201789855957,
        0.02315211296081543,
        0.02314305305480957,
        0.02293229103088379,
        0.02281808853149414,
        0.023000240325927734,
        0.023070812225341797,
        0.012334823608398438,
        0.011959075927734375,
        0.022693157196044922,
        0.022861242294311523,
        0.022572040557861328,
        0.022393226623535156,
        0.011967897415161133,
        0.01203775405883789,
        0.022423982620239258,
        0.012137889862060547,
        0.012150049209594727,
        0.022521018981933594,
        0.012156963348388672,
        0.02242588996887207,
        0.012140035629272461,
        0.022497177124023438,
        0.02294015884399414,
        0.022836923599243164,
        0.02294301986694336,
        0.012319803237915039,
        0.022710084915161133,
        0.022782087326049805
    ],
    "accuracy": {
        "Peace Sign": 0.4,
        "Open Hand": 0.9473684210526315,
        "Fist": 0.6
    },
    "confusion_matrix": {
        "Peace Sign": {
            "Peace Sign": 8,
            "Open Hand": 1,
            "Fist": 1,
            "Other/None": 10
        },
        "Open Hand": {
            "Peace Sign": 0,
            "Open Hand": 18,
            "Fist": 0,
            "Other/None": 1
        },
        "Fist": {
            "Peace Sign": 0,
            "Open Hand": 0,
            "Fist": 12,
            "Other/None": 8
        }
    },
    "errors": [],
    "average_time": 0.020999471346537273,
    "std_time": 0.005080002228803884,
    "overall_accuracy": 0.6440677966101694
}