{
    "total_images": 40,
    "processing_times": [
        0.03124094009399414,
        0.024050235748291016,
        0.023319244384765625,
        0.023286104202270508,
        0.012357234954833984,
        0.02298593521118164,
        0.023259878158569336,
        0.02295088768005371,
        0.023226261138916016,
        0.02334904670715332,
        0.023040056228637695,
        0.02307415008544922,
        0.02305293083190918,
        0.023035764694213867,
        0.023356914520263672,
        0.02388286590576172,
        0.023509979248046875,
        0.02354264259338379,
        0.0235288143157959,
        0.023267030715942383,
        0.012476205825805664,
        0.012325763702392578,
        0.022877931594848633,
        0.02373194694519043,
        0.022753000259399414,
        0.02283477783203125,
        0.022926807403564453,
        0.012414932250976562,
        0.022874116897583008,
        0.023145198822021484,
        0.01224660873413086,
        0.02362680435180664,
        0.02245783805847168,
        0.02288222312927246,
        0.023324966430664062,
        0.023201942443847656,
        0.02303791046142578,
        0.022664308547973633,
        0.012125015258789062,
        0.01203012466430664
    ],
    "accuracy": {
        "Peace Sign": 0.0,
        "Open Hand": 0.9473684210526315
    },
    "confusion_matrix": {
        "Peace Sign": {
            "Peace Sign": 0,
            "Open Hand": 1,
            "Other/None": 18
        },
        "Open Hand": {
            "Peace Sign": 0,
            "Open Hand": 18,
            "Other/None": 1
        }
    },
    "errors": [],
    "average_time": 0.02148188352584839,
    "std_time": 0.00442990531007058,
    "overall_accuracy": 0.47368421052631576
}